-0.756886853,-0.998389892,1
0.89189064,-1.269971535,1
-1.012882947,-1.579742274,1
0.444738392,-1.349180949,1
-0.625184794,-0.865548106,1
-0.017942272,-1.369419857,1
-0.912377419,-0.877724243,1
-1.109701245,-1.229649772,1
-0.355217222,-0.803093139,1
0.78334189,-1.101142633,1
0.764947889,-1.175182403,1
0.526705086,-1.373384304,1
-0.498020948,-1.631118907,1
0.618947015,-1.560259884,1
-1.236271036,-1.32690778,1
-0.967062394,-1.719503204,1
0.597462004,-1.746664301,1
-0.84636722,-1.812510033,1
0.223183663,-1.026949201,1
-0.06624921,-0.949325691,1
-0.113428051,-1.269423903,1
-0.487796358,-1.453834099,1
0.518425872,-1.67751231,1
0.036615216,-1.013688415,1
0.056642171,-1.277505461,1
-0.178952304,-1.888008739,1
1.072815078,-1.627939767,1
0.813298833,-0.695966099,1
0.71510709,-1.532166871,1
0.418413903,-1.092731089,1
1.367165981,-0.97495449,1
-0.247558132,-1.500259491,1
0.372596004,-1.196129977,1
0.899219259,-0.948346776,1
1.263847266,-1.197290554,1
0.147841608,-1.577527128,1
-0.73111686,-0.978176939,1
-0.588343141,-0.967715633,1
-0.212141648,-1.003681003,1
0.28382642,-0.872865901,1
0.290721837,-1.277757303,1
-0.756248824,-1.592432118,1
-1.27690873,-1.404752405,1
0.192090402,-1.491902407,1
0.110094248,-1.38963412,1
-0.851591078,-1.127923442,1
-0.078084518,-1.487075306,1
-0.775775691,-1.332186355,1
1.330725155,-1.081013505,1
1.069801121,-0.657443066,1
0.433740092,-1.681992172,1
0.444210271,-1.538793697,1
-1.037027642,-1.44957673,1
0.094086734,-1.101934979,1
0.706145543,-1.60101744,1
-0.967842875,-1.245900494,1
1.331862478,-0.942699896,1
1.031492455,-1.47401289,1
-0.737093542,-1.200640216,1
-0.978850921,-0.73705368,1
0.672850741,-1.619789353,1
-0.268821634,-0.764261288,1
0.595020852,-1.397946704,1
0.085996616,-1.349208513,1
-0.376896041,-0.84111013,1
0.626265273,-0.610852573,1
0.667250663,-1.016694778,1
-0.469011044,-1.184545275,1
-0.321551361,-1.420616573,1
0.550631071,-1.360439674,1
-0.03631509,-0.99941211,1
0.573643384,-1.146445614,1
-0.941865063,-1.401239346,1
-1.18580512,-1.061197257,1
0.385834626,-1.096631859,1
-0.731881547,-1.211705699,1
0.245049639,-1.34658329,1
-1.281741201,-1.417412162,1
0.027720796,-0.897981063,1
-0.647494781,-1.285864088,1
-0.343121952,-1.024816447,1
-0.817923784,-1.10216632,1
-0.91948149,-0.828588368,1
-0.336024749,-1.400368842,1
-1.183182985,-1.007020007,1
1.07707671,-1.205713155,1
0.437001057,-1.058457985,1
-0.790597723,-1.772942937,1
-0.032443811,-1.475207046,1
-0.716760463,-0.663969875,1
0.33180942,-0.777002006,1
-0.869683468,-1.563772826,1
1.076835625,-0.877634427,1
-0.579471148,-1.433315783,1
0.985272337,-1.733115919,1
-0.852587881,-0.774147996,1
-0.268103303,-1.736546258,1
0.940777472,-0.619349986,1
-0.172457871,-1.194311104,1
-1.117768346,-1.455525646,1
0.528881096,-1.30244511,1
0.567429568,-1.695388213,1
1.362201155,-1.177433448,1
0.086286394,-0.927934103,1
0.635351507,-1.751527013,1
1.021398904,-0.837833797,1
0.273073774,-1.237282266,1
0.730493669,-1.701936792,1
0.711703351,-1.758907689,1
1.081046244,-1.668117011,1
-0.110526743,-1.691595434,1
-0.45101846,-1.782880547,1
0.947399552,-1.566344438,1
-0.409648007,-1.658793706,1
-0.631045749,-0.866223446,1
0.632982835,-1.584558269,1
-0.434474851,-1.106387765,1
0.153240472,-0.830543569,1
-0.645963681,-1.421313141,1
-0.334169329,-1.136730134,1
-0.772887061,-1.642425264,1
-0.43117271,-0.872351715,1
-0.929574131,-0.894987167,1
-0.905328698,-0.899867502,1
0.381677483,-0.733838477,1
1.297583339,-1.001055045,1
-1.19545192,-1.466075104,1
-0.708288592,-1.209289397,1
0.146388224,-1.813688485,1
-0.815061616,-1.29717713,1
1.152778853,-1.190812939,1
1.205744076,-0.76759552,1
0.170598767,-1.033677802,1
-1.322671624,-1.121360834,1
0.426475666,-1.333776712,1
0.414808294,-1.482256618,1
-0.583352859,-1.769169309,1
-0.410998732,-1.715259043,1
-1.311408522,-1.211786977,1
0.268643417,-1.064126163,1
-0.991554614,-1.422146209,1
-0.276598366,-1.692131175,1
0.822967934,-0.995272485,1
-0.363743131,-1.51377923,1
-0.750292616,-0.655959829,1
0.296806966,-0.797074869,1
-0.955394258,-0.981460017,1
-0.190030665,-1.216311633,1
0.403494882,-0.738551588,1
-0.063774397,-1.58580913,1
0.101810764,-1.280992015,1
-1.186090148,-1.032473284,1
-0.263244372,-1.073787927,1
1.187362431,-1.403974263,1
0.904643971,-0.97217197,1
-0.850628113,-1.121185978,1
-0.784128446,-0.71070651,1
-0.177114309,-1.316636999,1
0.194689367,-1.248051098,1
-0.733536311,-1.231606973,1
1.057535772,-1.64111449,1
0.497657987,-1.057875688,1
1.122937321,-0.90591729,1
0.211549271,-1.67255161,1
-0.632944822,-1.628870748,1
-0.219670525,-1.09938046,1
0.959718694,-0.979794589,1
1.294693026,-1.238638889,1
-0.594079854,-1.851976257,1
-0.43733107,-1.58576111,1
-0.533741488,-0.708632186,1
-0.506395501,-1.359152635,1
0.187899067,-1.660636749,1
-0.479045247,-1.89134483,1
0.964508255,-1.626951457,1
1.042988686,-1.325776407,1
-1.209199138,-0.787671907,1
-0.722649376,-1.113274411,1
-1.278123029,-1.362962675,1
0.460402535,-1.224504189,1
-0.537469275,-1.044301533,1
0.914280625,-1.079943709,1
0.445355607,-1.695788779,1
-0.088287034,-1.273031604,1
0.385314544,-1.321104117,1
-0.495396361,-0.65309049,1
0.906812578,-1.208110211,1
-0.189542399,-1.302451095,1
1.107674782,-1.535098174,1
-0.568201886,-1.464846353,1
-1.076444342,-0.659410878,1
1.275417381,-1.479236393,1
-1.171056616,-0.872745834,1
-0.30937207,-1.376973053,1
0.312706998,-1.516827389,1
-0.079193642,-1.655754473,1
0.865279722,-0.652971025,1
-0.572807345,-0.736499624,1
0.632392914,-1.26130471,1
-0.257451475,-1.435386906,1
0.815767262,-1.168519456,1
-0.562126282,-1.418471818,1
-0.657633059,-0.807101284,1
0.918902213,-1.193853785,1
-0.736358558,-1.324922079,1
-0.390333237,-0.940599629,1
-0.80170341,-1.665975898,1
-0.697067157,-1.760385124,1
0.648054682,-0.794916016,1
0.26002224,-1.867419823,1
-0.375334334,-1.100576703,1
-0.881669739,-1.746109365,1
-0.984991704,-1.117727191,1
1.212242574,-1.003666908,1
-0.516399811,-1.821918881,1
1.12520618,-0.758343321,1
-0.243656043,-1.485051044,1
-0.312897887,-0.806015065,1
1.114661198,-1.537401541,1
-0.017651395,-1.204728082,1
0.760283675,-1.636670702,1
-1.197759716,-1.15347771,1
-1.167703193,-1.456067437,1
1.34472567,-1.336421385,1
0.919519632,-0.971556941,1
-0.258436417,-1.858254885,1
0.922909157,-1.014688223,1
0.792807299,-0.829876937,1
0.697345162,-1.331422142,1
-0.776954502,-0.598573259,1
-0.900405156,-1.224945687,1
-0.42818487,-0.94451471,1
-0.875886865,-1.267913622,1
-1.358516504,-1.311188854,1
-0.414505217,-1.633016437,1
-0.117881192,-1.19634729,1
0.165291742,-1.116351806,1
0.0130947,-1.190154238,1
0.381947118,-1.214360077,1
0.75658082,-0.989560176,1
0.025853635,-1.432954524,1
0.212784528,-1.244934664,1
-0.345796834,-0.824597165,1
-0.841427959,-1.231462222,1
0.648768672,-1.457922911,1
-0.621722714,-1.420233981,1
0.76677074,-0.977777328,1
-1.030687103,-1.472258589,1
0.904556732,-1.121070233,1
-0.608467534,-0.957619604,1
-0.945793936,-1.262489495,1
0.887074145,-1.256407148,1
-0.104408472,-1.23320657,1
-0.415516794,-1.49256982,1
-1.059341122,-1.07582166,1
-0.158869507,-1.255648584,1
0.26143212,-0.780456793,1
0.5202627,-0.897720298,1
-0.878188357,-1.504384741,1
0.274471607,-0.851552378,1
-1.351688152,-1.095585117,1
-1.032056546,-1.701120186,1
-0.472647195,-1.876395419,1
0.641926701,-1.295700169,1
-0.005008612,-0.96133696,1
0.096585441,-1.420392251,1
0.966151187,-0.800144039,1
0.551522099,-1.486014773,1
-1.093733861,-0.816072116,1
0.754736848,-1.028739956,1
-0.347466004,-0.949827822,1
0.419258197,-0.83452649,1
-0.555808874,-0.875735461,1
1.312953887,-1.172289218,1
-0.595592659,-1.657230749,1
-1.18959387,-1.474490311,1
0.585720178,-0.729548298,1
-1.320534936,-0.875720767,1
-0.946370156,-1.657061301,1
0.34267885,-1.094363139,1
0.632220904,-0.963844872,1
0.598389132,-1.79583558,1
-0.279025092,-1.657251389,1
0.668065582,-1.703884552,1
-0.768621161,-1.475350344,1
0.665880866,-0.635257871,1
-0.613611241,-0.936712868,1
1.310116249,-1.255250682,1
1.087064892,-1.128280965,1
0.673624838,-0.783302023,1
0.633540438,-0.649266491,1
0.396924657,-1.306561288,1
-1.066490491,-1.504669993,1
-1.204899545,-1.383929152,1
-0.394281743,-1.467566528,1
0.446985961,-1.859355764,1
0.44412079,-1.397324945,1
1.01248983,-1.243214963,1
0.333224003,-1.122752273,1
-0.831975613,-0.731099403,1
1.022790829,-0.81531928,1
-0.66373928,-1.560672576,1
0.453696221,-1.478987667,1
-1.082329017,-1.170888134,1
-0.450934289,-0.81119982,1
-0.331896592,-1.346168563,1
-0.824340636,-0.77034218,1
0.053645219,-1.689776109,1
-0.553757246,-0.915867867,1
0.671112155,-1.558802843,1
1.139269683,-0.7030869,1
0.620519302,-0.966329477,1
-0.822085456,-0.897090432,1
0.90279496,-1.365522856,1
1.253833439,-0.953966649,1
1.020818928,-0.73725284,1
0.073863275,-1.37999084,1
-0.633922195,-1.400973195,1
-0.243595559,-1.313042376,1
0.044443571,-1.069648042,1
-1.141009723,-1.274450962,1
-0.56391409,-1.094494236,1
-1.146247161,-1.458921586,1
-1.363943805,-0.955102317,1
0.990624703,-1.275217617,1
-1.108547973,-0.881337686,1
-0.543769659,-1.525674499,1
-0.970297067,-1.728233877,1
0.401344031,-1.33880888,1
0.756204421,-1.564255412,1
-1.086300987,-0.955621583,1
0.883652264,-1.623107249,1
-0.984963373,-1.609423977,1
-0.79352236,-0.672870063,1
0.147508573,-1.505382447,1
-0.886118936,-0.762195488,1
0.740301974,-1.047278874,1
-0.594555156,-1.575409141,1
0.548784782,-0.829864961,1
-1.281874732,-1.109785337,1
-0.501495205,-1.728789693,1
0.529895515,-0.787534579,1
-1.122824871,-1.1666739,1
-0.990002204,-1.229050916,1
-0.384833306,-1.375570403,1
0.658933705,-1.523052249,1
-0.713975223,-0.743952349,1
-0.774387832,-1.826638153,1
0.181783647,-1.662375339,1
-0.923642728,-1.553827223,1
-1.326547656,-1.147547926,1
0.879401792,-1.246927228,1
-0.077229208,-1.598673899,1
0.786856897,-0.60584106,1
-0.948337886,-1.612044999,1
-0.821130067,-1.46622658,1
0.973285088,-1.75304116,1
0.38343093,-0.869337016,1
-0.064574616,-1.337213355,1
-0.634429025,-1.1293722,1
-0.714097514,-1.855371683,1
-0.210925259,-0.906244886,1
-0.363774296,-1.336703628,1
0.226119942,-1.582432817,1
0.233679441,-1.229667713,1
0.134433609,-1.165055152,1
0.989628883,-1.391857816,1
1.017653334,-1.252179819,1
-0.506463583,-1.416274453,1
0.818419302,-0.902808922,1
1.159606347,-1.125603662,1
0.980115138,-1.213296712,1
-0.72339445,-0.868082934,1
-0.649448696,-1.415661166,1
0.211220692,-0.816020264,1
0.407362215,-1.553047114,1
-1.134594827,-1.512076562,1
0.039041387,-1.216012713,1
-0.339361357,-1.270706294,1
-0.381189078,-1.293000746,1
1.056738266,-1.365782531,1
-0.741218614,-1.210075283,1
-1.00358955,-1.324713036,1
-0.24080547,-1.004898317,1
0.239816073,-1.158860277,1
-0.729435657,-1.362441787,1
-0.505455361,-0.765753579,1
-1.121305687,-1.447075378,1
-0.074203506,-1.299646763,1
0.237746383,-0.940199614,1
0.468366566,-1.161853573,1
-0.527915082,-0.849488903,1
0.947252111,-1.385245842,1
0.832005371,-1.333434639,1
0.15316437,-1.172279176,1
1.180309092,-1.037558496,1
-1.06927492,-1.064764031,1
-1.176050978,-1.197709236,1
-0.618041257,-1.548243552,1
-1.167452466,-1.265138686,1
0.140961381,-1.857735207,1
0.868999497,-1.68058639,1
-0.325930711,-1.66359315,1
-0.900155839,-1.400967233,1
-1.185262506,-1.480859032,1
-1.366571074,-1.099229744,1
-0.994612899,-1.21914066,1
0.798396032,-1.22035403,1
0.632544198,-1.173616642,1
1.053193752,-1.514056002,1
1.134058293,-1.337407022,1
-1.315388074,-1.162479226,1
0.129115258,-1.357677932,1
0.885267873,-0.691123448,1
-0.588080086,-0.720543009,1
-0.410811807,-0.982144584,1
0.488539566,-1.45689262,1
-0.489381631,-1.720517208,1
-0.720713972,-1.556093772,1
-1.36588132,-1.149214249,1
0.612115522,-1.02985718,1
-0.303913789,-0.866716475,1
0.890787077,-1.188808958,1
0.481636683,-1.230731246,1
-0.016509141,-1.532368509,1
1.175451082,-1.269635348,1
-0.35227537,-0.937187103,1
-0.318958093,-1.047970812,1
1.050765906,-1.074924343,1
-0.19274521,-1.737596704,1
1.150053475,-0.71311413,1
-0.739884803,-1.312512453,1
-0.771432289,-1.277574071,1
0.030662615,-1.209402329,1
-0.59549578,-0.732133718,1
-1.17670038,-1.472369909,1
0.799742455,-1.274789084,1
-0.245447765,-1.853071861,1
1.356846735,-1.310479559,1
1.033227991,-1.321259458,1
-0.445277973,-1.782707775,1
-0.041087357,-1.07388716,1
-1.253140423,-1.369708388,1
-0.477923432,-1.497009192,1
-0.260520266,-1.338343496,1
0.864283859,-0.991575793,1
0.205160641,-1.810621608,1
-0.88433784,-1.319295782,1
-0.038845781,-1.01405623,1
0.847904318,-0.835788772,1
0.088052865,-1.525777907,1
-1.249295197,-1.082183729,1
0.022130467,-0.942697703,1
-0.358915826,-1.110815415,1
0.208857471,-1.902761718,1
-1.13063461,-0.776804056,1
-0.055249115,-1.709110974,1
-0.778938723,-1.156116033,1
-0.004739387,-1.102848122,1
1.201740341,-1.097864528,1
1.069520212,-1.404808164,1
0.627057648,-1.128588375,1
-0.542289134,-1.00304934,1
1.216935218,-0.952038662,1
0.204296251,-1.400977091,1
0.359293751,-1.881054159,1
-1.211860473,-1.449396576,1
-1.08119027,-1.646026371,1
0.694041969,-1.414311666,1
0.476062839,-1.109274932,1
-0.860173109,-1.731475727,1
0.844640951,-0.783942236,1
-0.769183202,-1.666791455,1
1.036577366,-1.481296814,1
0.569522594,-1.257966093,1
-0.883331444,-1.608038362,1
-0.59523266,-1.863251725,1
-1.06147483,-1.622838982,1
-1.008639911,-1.454551184,1
-0.181074102,-1.41258622,1
0.400037877,-0.836351399,1
-0.955290084,-0.92314617,1
0.631536681,-1.198536684,1
-1.303639903,-0.828988042,1
-0.607689014,-1.059533085,1
-0.678843005,-1.035875761,1
-0.736302735,-0.694587266,1
0.822410884,-1.621708724,1
-0.646813627,-1.763404199,1
-0.258447914,-1.616963982,1
-1.34222083,-1.139867185,1
0.811263544,-1.614252681,1
-1.036624045,-1.316623092,1
0.687183668,-1.718645009,1
1.291978926,-1.076367426,1
-0.329090944,-1.414890726,1
1.072852606,-1.065749668,1
-1.021337411,-1.64844818,1
-0.044545717,-1.536389054,1
-0.054889914,-1.646020713,1
-0.687083247,1.446230235,2
1.363725805,1.111067373,2
0.446779967,1.569133049,2
-0.83166005,1.792519549,2
0.311032767,1.414457214,2
-0.577261369,1.038510647,2
-0.426488239,1.34678503,2
-0.550068923,0.755038671,2
0.913369577,1.237374441,2
0.931766823,0.872453241,2
-0.636446654,1.550322444,2
0.291913088,1.46808865,2
0.84413431,1.084952196,2
-0.193842149,1.682891775,2
-0.818259915,1.366196049,2
0.512828493,0.930356636,2
1.210631382,1.337454509,2
-0.250668147,1.062262882,2
0.18095214,1.448329348,2
0.830234335,1.728162034,2
-0.240453018,1.555714975,2
-0.178909126,1.26580855,2
0.994964718,1.743320548,2
-0.236385083,1.370218239,2
-1.171389575,1.494029563,2
-0.494164058,1.559809289,2
0.571680816,1.425493106,2
1.090198176,1.048434218,2
-0.945362371,1.579196974,2
-0.157234733,1.500830415,2
-0.802367633,1.634181364,2
-0.119899938,1.348826898,2
0.876190674,1.559521588,2
0.995468582,0.812414838,2
-0.674562749,1.058800429,2
0.695107918,0.644146514,2
0.133303691,1.522978844,2
-1.183334818,0.750954211,2
-0.751757197,0.691322818,2
-0.287959427,1.357743828,2
0.40254996,1.590429411,2
-0.287209678,1.772008817,2
-1.103416445,1.425136734,2
-0.165000512,1.389145022,2
-1.254098009,1.317329188,2
0.548496116,1.230439724,2
1.332927604,1.013647042,2
1.166156502,0.756002179,2
-0.481854763,1.323588461,2
-0.159172036,1.312335517,2
0.277771674,0.925679675,2
1.01650319,0.843470788,2
-0.340079723,1.514610317,2
-1.312182107,0.99168204,2
0.099009955,0.973601349,2
1.045704865,1.689995304,2
-1.072261952,0.848627878,2
-0.476640549,0.92693107,2
-1.350285642,1.11053383,2
1.083965794,1.443392336,2
-0.14899993,1.401666195,2
0.927916658,1.042763032,2
-0.532864338,1.878268925,2
-0.147864279,1.516745214,2
0.730740686,1.015123565,2
-1.213102888,1.508818248,2
-0.321787631,1.705084387,2
1.185512786,1.329349886,2
1.324688847,1.199298589,2
0.789561307,1.357114973,2
1.154974862,1.025578611,2
-0.41201585,1.148346949,2
-1.163828193,1.604847358,2
-0.618867024,0.980800433,2
-0.834730458,1.656874738,2
-0.410645817,1.471762997,2
-0.372915377,1.211768096,2
-1.334522138,1.072204227,2
1.168544965,1.408939259,2
0.860417823,1.334946114,2
-0.993742854,1.038638316,2
1.352872116,1.210951635,2
-0.972131166,1.355020068,2
0.375807517,1.797136492,2
0.039910298,1.3994474,2
0.33834723,0.833469449,2
0.17427146,1.755484967,2
-1.292050249,1.040249559,2
-0.096601935,1.805460142,2
-0.648850907,1.64861765,2
0.410073896,1.663553354,2
0.022652121,1.472941597,2
0.949204174,1.320870661,2
-0.896774181,1.385958043,2
-1.342767757,1.054481605,2
-0.196624489,1.886688963,2
-0.095034653,1.489269089,2
1.154569943,0.973637876,2
1.363100625,1.28631054,2
0.608894581,0.940550055,2
-0.657574725,0.969179202,2
-0.528073913,0.768900184,2
-0.366574316,1.3404948,2
-1.059375688,0.650393458,2
-0.914210085,1.553358847,2
-0.688940695,0.677876292,2
-0.141052144,0.951493671,2
-0.157360089,1.759831061,2
-1.018032593,1.030326881,2
-0.914268829,1.724526887,2
0.423417593,0.686546244,2
-0.368634106,1.372463527,2
-0.550696799,1.170086621,2
1.330128835,1.11796139,2
-0.754930783,1.413990586,2
0.814904312,1.791255525,2
1.093517429,1.511507503,2
1.300820338,1.355016574,2
-0.69476107,0.83172038,2
0.786205779,1.118661152,2
-0.803984824,1.608721464,2
-0.746609166,1.47188784,2
-0.565352223,1.248268732,2
1.049018603,1.335999571,2
0.191275217,0.875771485,2
0.980327789,0.608875851,2
-0.853982973,0.618448265,2
-1.204274256,1.408105717,2
1.075758913,0.947919257,2
0.91436947,1.599368917,2
0.37621853,0.812826364,2
-0.494173129,1.036189156,2
0.204313045,1.795674996,2
0.754374002,1.332483754,2
0.441061386,1.092855038,2
-1.022061298,1.117671574,2
-0.470720841,1.665561192,2
1.334758669,0.99283835,2
-0.354802753,1.198601038,2
-0.789984623,1.421166714,2
-0.882253961,1.216609277,2
-1.097664799,1.01247671,2
0.575623473,1.417182565,2
0.360243039,1.87182615,2
1.386337933,1.089847019,2
0.982761296,1.117085063,2
0.939829841,1.128779068,2
0.356070436,0.947926428,2
-0.559471891,0.910935696,2
-0.285667222,0.889710112,2
-0.857349868,1.682179576,2
-0.162578285,0.891718571,2
1.380870289,1.209235219,2
-0.330456141,1.52841439,2
1.34306285,1.063713254,2
0.748105615,0.998498317,2
-0.225370964,1.344317674,2
-0.755047784,1.669937617,2
-0.349995696,1.725492303,2
0.379927225,1.760472024,2
-0.974741844,0.669788001,2
-0.009345736,1.695029547,2
1.030221292,1.27376145,2
-0.086911686,1.492967923,2
1.038114834,1.303971508,2
-0.861917567,1.47449084,2
0.70310523,1.650174846,2
-0.573110727,1.185488246,2
0.076644973,1.537039357,2
0.632969958,1.497255456,2
-0.360022053,1.897753588,2
-0.36056954,0.779213335,2
-0.568665001,0.697805192,2
0.482597738,1.13294154,2
-1.295774258,1.143947623,2
0.195711644,1.337317124,2
0.774555943,1.708453183,2
0.847739406,0.676453275,2
0.938060624,1.702153566,2
0.143326239,1.632185958,2
0.080498185,1.46750499,2
-0.400895392,0.908019767,2
0.039896573,0.967587984,2
0.460326156,1.470285149,2
1.242273698,1.271599023,2
0.307583415,1.824732676,2
0.151562935,1.384787335,2
-0.629554466,1.117543074,2
-0.423990786,1.861040059,2
0.622462979,0.630801147,2
0.751654092,1.037472655,2
-1.031455534,1.031413611,2
0.094865023,1.431124729,2
-0.341431355,1.808470326,2
-1.082183023,1.246733869,2
0.787380832,0.968844936,2
-0.669363157,1.408498346,2
-0.944089555,1.440908241,2
-0.420206724,1.222822594,2
0.957711613,0.649966622,2
-0.352300583,1.714759397,2
0.71513712,1.57582211,2
1.160090831,1.391587872,2
1.301476101,1.298709911,2
1.102855703,0.854602907,2
1.225132954,0.847042301,2
0.682409115,1.730617841,2
0.233208564,1.05823522,2
-0.335428645,0.953637238,2
-0.664427875,1.261855715,2
-0.262807848,1.38206371,2
-0.849401846,1.053532532,2
0.101934265,1.742103424,2
-1.278974906,1.409654468,2
0.083432926,0.930442677,2
0.180889404,1.655050741,2
0.381274832,1.875737135,2
1.270133638,1.384823172,2
1.365133625,1.00148705,2
0.364440589,1.379034818,2
0.084809239,1.174450947,2
0.362630982,1.5355136,2
0.189516266,1.615620524,2
1.04878277,0.635705338,2
-0.667257541,1.834162489,2
0.522164757,1.122967566,2
0.340447456,1.087003951,2
1.00622741,0.850629592,2
0.21278367,1.794777805,2
-0.387255777,1.569716792,2
-0.164251583,1.002693643,2
0.322255156,1.336614081,2
-1.178729982,0.765314068,2
0.859556454,0.811406677,2
-0.649421296,0.678364099,2
0.787079473,0.883609947,2
-1.153159138,1.214870084,2
-0.556779867,1.18718973,2
-0.501799243,1.026926567,2
0.216137714,0.960054105,2
0.252406121,1.736060054,2
-0.18819013,1.158240839,2
-1.299205901,1.192216369,2
-0.615319483,1.217783256,2
0.547310382,1.146511098,2
-0.643706656,1.16655224,2
-0.975033531,1.09489131,2
0.630850421,0.933867131,2
0.647410363,1.490098371,2
-0.27028385,1.433687303,2
0.39386228,1.872775226,2
0.424836096,1.872667744,2
-0.424118328,0.880095312,2
-1.16715016,0.873056881,2
0.360191306,1.412139975,2
-0.481714519,1.333194325,2
-0.515631985,1.052327899,2
-0.675043856,0.683660251,2
0.207092176,1.469171534,2
-1.043391033,1.127282187,2
-0.567085096,1.299246023,2
-0.23998872,1.779100467,2
0.327233495,1.375275184,2
1.054864884,1.628554393,2
0.997569099,1.384894457,2
0.757122872,1.35426872,2
-0.585701848,1.326747858,2
0.080696502,1.700494996,2
-0.355751549,0.810506197,2
-0.78059623,1.087825112,2
-0.577091366,1.026994873,2
1.241653422,0.92986218,2
0.347442188,1.687601097,2
1.169950435,1.525185208,2
0.200826003,1.168777145,2
-0.454936804,0.8654043,2
-0.73893922,0.724328164,2
-0.619991067,1.312694453,2
-1.343403543,1.190596458,2
0.076315506,1.637783495,2
1.123964844,1.05743972,2
0.661510909,1.471062367,2
-0.534804503,1.555358711,2
-0.656028978,0.837525611,2
-1.131075376,0.826609413,2
-0.870377964,0.689012005,2
0.980047481,0.854411684,2
-0.371275583,1.682697929,2
-0.73801177,1.450945465,2
1.073247151,1.378390862,2
-1.030216385,1.560079397,2
0.347454239,1.827605885,2
-0.546522957,1.284030602,2
0.453025827,1.559213632,2
-0.4083682,1.008191862,2
-0.57450166,1.563191567,2
-0.152776418,0.833799747,2
0.628749216,1.814335284,2
0.074507399,1.511104644,2
-0.61607492,1.535079441,2
-0.910257795,1.173661038,2
0.189966197,1.447120225,2
-0.052226502,1.653003653,2
0.015177854,0.873585448,2
-1.18908207,1.290140397,2
-1.148393882,1.600791148,2
-0.151435505,1.642300414,2
0.29554179,1.01411518,2
-0.744770035,0.889393621,2
0.209764507,1.489635126,2
0.76783036,1.02011538,2
0.071512034,1.625958329,2
-1.008016181,1.428386359,2
-0.888286141,1.324476942,2
1.21052501,1.059109996,2
-0.549111804,1.163177959,2
0.887945776,0.696536584,2
-1.35963941,1.109354505,2
-0.696045454,0.689830448,2
-0.718613326,1.415154555,2
-0.46994932,1.780664593,2
0.303611714,0.752436288,2
0.848356716,1.395780827,2
-0.765664539,1.09669074,2
-0.762117359,1.786800956,2
0.356307508,1.097082184,2
-0.717443451,0.786175037,2
-0.344716601,1.778719537,2
0.188380565,1.517986466,2
-0.006505642,1.723344421,2
-0.704210717,1.657066515,2
0.64250174,1.050533552,2
-0.807719791,1.435593379,2
-0.342366311,1.59383761,2
0.578027752,1.806715477,2
0.880365626,1.720274796,2
0.207811839,0.932279743,2
0.92281656,0.774945563,2
-0.586392172,1.194048871,2
-0.259640145,0.934959275,2
1.163921101,1.578871687,2
0.34000508,0.979871808,2
-1.280551781,1.127505268,2
0.405634985,1.543462323,2
0.215439143,1.474605396,2
0.206789582,1.903076607,2
-0.163332258,1.551639115,2
-0.343926662,1.76367178,2
-0.889816513,1.416903151,2
-0.409673351,0.789786727,2
-0.098666727,1.087723554,2
0.255284552,1.110969562,2
-0.958198329,1.393908181,2
-0.917048154,1.778940126,2
1.2746379,1.215110516,2
-0.127490532,1.693050951,2
0.232956985,1.658824289,2
0.133074958,1.035442569,2
-1.00385028,1.176367837,2
0.692768855,1.290160383,2
0.493896072,1.721493281,2
0.632959215,1.180008499,2
-0.48917656,1.194891738,2
0.288780587,1.575050019,2
0.945490833,1.493976353,2
-0.625093418,1.212951245,2
0.975873019,1.643621606,2
-0.797669694,1.067774472,2
-0.223069393,1.182897296,2
-0.847009825,0.780435437,2
0.361501834,1.881207041,2
0.803878643,1.824807604,2
-0.930724909,1.754851269,2
0.472565605,1.798694552,2
-0.21263024,1.110027901,2
-0.35411484,1.461621058,2
1.023220541,1.210508509,2
-0.655978028,1.015425569,2
-0.499658987,1.736549675,2
0.21360301,1.70436478,2
0.14970004,1.440685384,2
-0.42490467,1.884807224,2
-0.601139655,1.458073772,2
0.404354464,1.517182962,2
0.940807191,0.641351935,2
-0.599890808,1.551227324,2
-0.706745191,1.325371393,2
0.149224061,1.86306299,2
-1.255076481,0.797894,2
0.454278323,1.876940221,2
-0.528091446,1.107031978,2
-0.779560466,1.828583502,2
-1.146364704,1.266079643,2
-0.509081933,1.800190648,2
0.496555147,1.299530183,2
-0.628086678,1.634937634,2
-0.977338641,1.211036462,2
-1.202865347,1.189828599,2
-0.686023619,0.870666095,2
1.134520077,1.051775625,2
-0.604697859,0.726682919,2
-0.839447592,1.560794291,2
-0.878467325,0.643527197,2
1.178528671,1.266862643,2
0.59722213,1.50058126,2
0.881363727,0.723077383,2
-0.271003102,1.107252356,2
0.071815228,1.855784298,2
-1.176251388,1.130017241,2
0.496386204,1.674794159,2
-0.249858709,1.219465517,2
0.528648851,0.902990609,2
-0.367808557,1.696720781,2
0.093233133,1.322142031,2
-0.92795114,0.982312836,2
1.056699092,1.326127258,2
-0.919942774,0.673289954,2
-0.465982889,1.579270991,2
0.791546923,1.066025795,2
-0.924004441,0.593838543,2
0.499046802,1.798070699,2
0.178933096,1.2712773,2
0.576187736,1.265710426,2
-0.921590369,0.760818355,2
-0.752184256,1.259659331,2
0.560331199,1.437815018,2
0.258839701,1.198939507,2
-0.998811614,1.129722305,2
-1.367706775,1.155169238,2
-0.453811531,1.5797245,2
-0.935687715,1.222175863,2
-0.293808315,0.816729541,2
-1.337127482,1.373965043,2
-0.697855271,1.719535289,2
0.461191603,1.694170319,2
-0.924046097,1.111717618,2
0.219364069,0.79454053,2
0.229578637,1.602094531,2
-0.464042092,1.610924653,2
0.098651873,1.537309203,2
-0.333534151,1.239403683,2
0.700923645,1.165155235,2
1.076315351,0.792266845,2
0.861649085,1.43813568,2
1.047172335,0.924032827,2
0.030188272,0.968315588,2
0.950630034,1.654851607,2
-1.149061271,0.877000001,2
1.143444312,0.681687093,2
-0.389050081,0.796689103,2
0.231191529,0.910311207,2
-0.124770375,1.00807314,2
-1.146719722,1.36744468,2
-0.342623671,1.530124323,2
0.386936544,0.797288555,2
-1.068225075,1.101878538,2
-0.555570618,0.671375072,2
-0.557512326,1.319899771,2
-0.433944609,1.464728901,2
-0.011662189,1.7470918,2
-0.394730955,1.833731726,2
-0.98332302,1.530967575,2
-0.041648539,0.929409168,2
0.161337241,1.175204092,2
-0.491432451,1.68646735,2
-1.20522641,1.09887838,2
0.89170512,1.516390145,2
-0.395942649,1.279720993,2
0.1381478,1.1606915,2
0.000287105,1.900240891,2
1.153515288,1.336684088,2
0.968251476,1.089399873,2
0.469367248,1.227736617,2
0.650572609,0.822436239,2
1.156222366,0.846568693,2
-0.83517536,1.51718298,2
0.200483253,1.762959468,2
-0.944248688,0.636826912,2
-0.699054582,0.768296885,2
0.080246524,1.273474103,2
-1.172701913,1.263339977,2
-0.94771885,0.939939515,2
0.866106722,1.781009804,2
-0.771824543,1.076861084,2
-0.484243376,0.940901944,2
-0.674782993,1.378612484,2
-0.359221718,1.192498118,2
1.186968407,1.263475524,2
-0.019283351,1.048516758,2
0.594975255,1.796218032,2
0.241958575,0.846929764,2
-0.296794516,1.083857652,2
-0.709869103,0.65716523,2
0.321703943,1.4926192,2
1.136271989,1.442687156,2
-0.527448342,0.889720749,2
-0.702091458,1.714695758,2
-0.820026308,0.938969215,2
-1.168134892,1.024332216,2
-1.107809527,0.745615923,2
-0.383457254,-0.011174671,3
-0.562448117,0.126212815,3
0.281438844,0.462686792,3
0.334763654,0.392428715,3
-0.534618632,0.193408311,3
-0.334515628,-0.476998054,3
-0.591782536,0.014140202,3
-0.233738427,-0.447549889,3
-0.135616377,-0.521680593,3
0.175509775,0.373403065,3
0.256260442,-0.007104892,3
0.163731944,0.487732567,3
-0.157980238,0.23443923,3
-0.325887302,0.146910762,3
-0.406330414,0.097622554,3
0.014502199,-0.567989834,3
0.056130773,-0.095495985,3
-0.064376744,-0.174882331,3
0.114422561,-0.318121532,3
-0.026638717,0.567308079,3
0.387153153,-0.407337108,3
0.292305057,-0.293833358,3
0.112880395,-0.568674577,3
-0.009461623,-0.490487611,3
0.057091275,0.526648431,3
0.208512965,0.30403397,3
0.201246452,-0.206107871,3
0.183150102,0.559730651,3
-0.190418141,0.034006663,3
-0.019246847,0.304456188,3
0.539314055,0.052539319,3
-0.216485998,-0.251982993,3
-0.428358636,0.17609997,3
0.023958847,0.52821932,3
-0.436920156,-0.197978692,3
0.41639707,0.01684123,3
0.117083107,-0.094063659,3
-0.0335873,0.264081202,3
0.057205288,-0.486929735,3
0.136340234,-0.34367444,3
0.396767451,-0.369856197,3
0.327442968,0.409614457,3
0.251177227,0.079036819,3
0.469242333,0.25803123,3
0.093247865,0.234816804,3
-0.076555491,-0.226637303,3
-0.009910387,0.504949047,3
-0.263152549,0.021279244,3
-0.559803066,-0.205964929,3
-0.274396639,-0.374400585,3
0.053121259,-0.14947327,3
-0.113931356,-0.277042111,3
0.065540971,-0.132044795,3
-0.072252575,-0.18977557,3
-0.191663439,-0.249358906,3
-0.115798585,0.365530555,3
-0.541874034,0.092510721,3
-0.271678417,0.115013948,3
0.308172985,-0.375931528,3
-0.352812523,-0.128904897,3
-0.09547563,-0.034840304,3
0.422911174,0.048469678,3
-0.096424705,-0.1569845,3
-0.396403386,0.086008728,3
0.068373656,-0.593688954,3
0.372444011,-0.04218869,3
-0.356818231,0.387840429,3
-0.148764806,-0.077661447,3
-0.164438985,0.487597695,3
0.154101079,-0.484104763,3
-0.198814363,-0.520728757,3
-0.391103037,0.051592251,3
-0.558380746,-0.083245995,3
-0.084273596,-0.180820818,3
0.143290047,0.443829666,3
-0.377386069,0.297430821,3
0.141667158,0.49172924,3
-0.064496526,0.267782927,3
0.302152662,-0.463110384,3
-0.142943006,0.0648413,3
-0.585142309,0.049385413,3
-0.009366642,-0.393358282,3
0.144706967,-0.453822394,3
0.365930689,0.093646633,3
-0.48399911,-0.059212648,3
0.143976845,-0.297698401,3
-0.321516561,0.369932876,3
-7.12E-05,0.28452212,3
0.06384186,-0.455432029,3
0.173663253,-0.239596045,3
0.170523162,-0.505627909,3
-0.222833975,-0.202559192,3
-0.132463057,0.477893437,3
-0.297597378,-0.374309463,3
-0.356769637,0.016390591,3
-0.263301008,0.464516702,3
0.103448842,-0.587333594,3
-0.344012505,0.078732373,3
-0.101988953,0.134074603,3
-0.073039219,-0.019770187,3
-0.192748374,0.492780403,3
0.106027878,-0.147619715,3
0.166275364,-0.082966686,3
0.040081498,0.295659137,3
-0.217042897,0.277626597,3
-0.263919766,0.273683035,3
-0.111415766,-0.365011542,3
-0.026558997,0.284030825,3
0.420423504,-0.051833402,3
0.213757595,-0.084950935,3
0.184444627,-0.564173535,3
-0.473925878,0.187129585,3
0.310057596,-0.246938751,3
-0.06778227,0.523524715,3
-0.023562139,0.147167435,3
0.54716863,0.110820924,3
-0.046673329,-0.53022659,3
-0.094989556,-0.258805757,3
0.062609425,-0.47373413,3
-0.425298801,0.232893647,3
0.269049076,0.349311417,3
-0.259456335,0.513953775,3
0.485234615,-0.270214115,3
-0.044293674,0.377392175,3
0.295041353,-0.155185313,3
-0.251854469,-0.543555028,3
0.199111819,0.078150939,3
-0.412973269,-0.053473955,3
-0.429884323,0.072338579,3
0.53595301,0.119322992,3
-0.47269787,0.230464861,3
-0.514652464,0.101091216,3
-0.485231174,-0.308329813,3
-0.193243701,0.545580387,3
0.315426654,0.156002746,3
-0.242034846,-0.410139806,3
-0.298666131,-0.424274298,3
-0.283545166,0.037133932,3
0.325968853,-0.485374472,3
0.117573855,0.228940069,3
-0.328465002,0.091804534,3
0.181806821,-0.195625638,3
-0.146802339,0.271353159,3
0.323078695,0.160493866,3
0.130813289,-0.372145256,3
-0.00566484,-0.558196167,3
0.241470615,0.125124938,3
-0.341475086,-0.358309625,3
-0.121864239,-0.173189089,3
-0.18378406,0.241178369,3
0.373589116,-0.047163542,3
0.007229739,0.218925172,3
-0.190720456,0.148217673,3
-0.242963298,-0.026944209,3
-0.446377338,0.380099222,3
0.586432515,0.01234999,3
0.270269651,0.157987071,3
-0.029895016,-0.402371433,3
-0.265805,-0.297326836,3
-0.255814184,0.328013868,3
-0.137084908,0.470761146,3
-0.240367055,-0.1076007,3
0.187729919,0.221313162,3
-0.127091062,-0.325057224,3
-0.269465593,0.371493396,3
0.432631408,-0.128273243,3
0.085247067,0.208169316,3
0.460366615,0.010372537,3
0.074172696,0.517342442,3
0.340761572,-0.053334426,3
0.506800993,0.158443472,3
0.050238879,-0.378706506,3
-0.572163316,0.08962087,3
-0.331671543,-0.057414693,3
0.079845199,-0.27684695,3
0.1526563,-0.056084055,3
0.015741124,-0.539073496,3
0.164315405,0.571854442,3
-0.060172176,-0.046638565,3
-0.34979176,0.427778519,3
-0.324133084,0.133247144,3
0.398526125,0.099315866,3
0.262684913,-0.197996814,3
-0.11791647,-0.536372109,3
-0.21031462,-0.024841158,3
-0.046720843,0.219628257,3
-0.084852435,-0.330132963,3
0.517329815,-0.068815645,3
0.548258145,0.034887291,3
0.029088923,0.150758527,3
-0.275914426,-0.070174575,3
0.280940771,-0.057410724,3
0.235404637,-0.539001552,3
0.161357265,-0.447055222,3
0.158937029,0.0287881,3
0.072327209,-0.416290557,3
-0.07182388,0.346077958,3
-0.471492656,-0.039793849,3
0.169935172,-0.366555792,3
-0.11494042,-0.318816317,3
0.112082426,-0.365452888,3
0.238343891,-0.435681409,3
0.301778255,-0.362934242,3
0.356061997,-0.125334733,3
0.009501302,-0.004635959,3
-0.438969317,-0.29874336,3
-0.514336551,-0.218695328,3
-0.175522932,0.267149383,3
-0.573159835,-0.138201184,3
-0.138295179,-0.546711488,3
-0.213646576,-0.052014023,3
-0.434562142,-0.281668262,3
0.231031992,0.049290512,3
0.273174018,0.293985849,3
0.33324228,0.192622579,3
0.472696194,-0.309311601,3
-0.57156223,0.179402085,3
0.51015997,-0.304745329,3
-0.364169322,-0.331000859,3
0.240189242,0.054119743,3
-0.248647996,-0.34871082,3
-0.189036341,-0.251491765,3
-0.431910615,-0.048270952,3
-0.333410327,-0.034823698,3
0.078837336,-0.455084564,3
-0.073796488,0.293193695,3
0.199276506,-0.51758681,3
-0.480710158,-0.153658939,3
0.437377148,-0.329572819,3
0.057965996,0.46740132,3
-0.325546845,-0.381533544,3
0.198132949,-0.484720673,3
-0.57560981,0.079939395,3
-0.402146363,0.26314811,3
-0.576357293,0.083305111,3
0.458417602,-0.164470734,3
0.145916253,-0.420880227,3
-0.340026195,-0.425502388,3
0.448294327,0.170830755,3
-0.204004673,0.439763125,3
-0.305108568,-0.159362479,3
-0.020051691,0.415150505,3
0.211700044,0.046445822,3
-0.348156478,0.392747749,3
-0.525767127,-0.031143645,3
0.019836224,-0.12353498,3
-0.3670137,0.113748244,3
-0.152525174,-0.288145163,3
0.543217092,-0.233798318,3
-0.023567581,0.209617103,3
0.226429827,-0.007249344,3
0.190503872,0.123263607,3
0.449766999,-0.343517056,3
-0.115430786,0.051721877,3
0.294908877,-0.340531657,3
0.088726662,-0.247405664,3
0.408733659,-0.373618067,3
0.12998416,-0.226652946,3
0.413723723,0.170046497,3
0.016720507,0.569510344,3
-0.171315102,0.399997401,3
-0.189097216,0.513534964,3
0.160331482,0.565776318,3
-0.229213919,-0.420612989,3
-0.04112649,0.267747721,3
0.231372142,0.218579535,3
-0.448809574,0.00068056,3
0.153512866,0.403378589,3
0.219210275,0.390537122,3
-0.216015433,0.524340466,3
0.274087635,-0.452693449,3
0.074440644,0.395802783,3
0.186436721,0.018747667,3
0.234816519,0.256452642,3
-0.001528667,-0.431946212,3
-0.016097138,0.478209836,3
0.122252716,0.318887107,3
-0.389684204,0.413533854,3
-0.176563063,-0.028056237,3
-0.101636499,-0.260168769,3
-0.226534993,-0.555403341,3
0.243174977,-0.425666303,3
-0.061563221,0.397505999,3
0.064999391,-0.535660009,3
0.416402803,-0.085701339,3
-0.126595534,-0.223509099,3
-0.29865427,-0.474174715,3
-0.172633743,-0.098898104,3
0.03138382,-0.218650127,3
-0.308299228,-0.064937221,3
-0.393843903,0.099963346,3
-0.298687971,-0.245701231,3
0.251262441,-0.082363525,3
-0.218604628,0.109240869,3
0.415933264,-0.366982882,3
-0.162404925,-0.049747102,3
0.563301175,-0.145088673,3
0.507225526,0.102411934,3
0.430642788,0.14944005,3
0.186669287,0.372396396,3
0.190425519,-0.130262285,3
0.033338555,-0.258175622,3
-0.346653531,-0.48312158,3
-0.246714561,0.036426751,3
-0.270873645,0.428148607,3
0.045932355,0.39390425,3
0.522190114,-0.262310815,3
0.303870438,-0.364612246,3
-0.071249288,0.045254645,3
-0.07551771,0.01452314,3
-0.157740154,-0.492820642,3
0.046699087,0.270373039,3
-0.090302432,-0.400564792,3
-0.362284707,-0.162641815,3
-0.35817164,0.089189664,3
-0.344340978,0.312694199,3
-0.424073097,0.399284674,3
-0.006234978,0.546594083,3
0.27743259,0.349585348,3
-0.286030962,-0.466794843,3
-0.477548963,-0.023461033,3
-0.099863144,-0.013724125,3
-0.071534465,0.474049115,3
-0.315508034,-0.364916578,3
-0.51258874,-0.303133818,3
0.02057144,0.305877795,3
-0.074098672,0.187276114,3
-0.332533486,0.3449375,3
0.269743091,-0.014670356,3
0.324099307,-0.408744539,3
0.440972096,-0.346638116,3
-0.455392215,0.139200506,3
0.323049507,-0.00999805,3
0.145758851,-0.019609094,3
-0.320388702,0.394031723,3
0.50066155,0.054423038,3
-0.401254862,0.381566257,3
0.072089928,-0.228703819,3
-0.223237501,-0.174445676,3
0.082801367,-0.584833132,3
-0.075412452,-0.456296797,3
0.532066512,-0.230782039,3
0.074657575,-0.476509646,3
0.00953069,0.349016644,3
0.017367252,-0.445812766,3
0.245905801,-0.286314186,3
0.288817162,0.177125732,3
0.370920991,-0.046803573,3
0.13630171,0.505746292,3
0.390446127,-0.116716701,3
-0.449627662,0.122291473,3
-0.055086604,0.302502527,3
0.266733782,0.333016041,3
0.295380927,-0.317182359,3
0.09000905,0.127238688,3
-0.107323497,0.330281073,3
-0.393966398,0.081780236,3
0.186754964,-0.083218175,3
0.255711906,-0.010183297,3
-0.422941568,-0.259273931,3
0.515489152,-0.286502165,3
-0.208943742,-0.253410497,3
-0.212153587,-0.151197485,3
0.196592555,-0.33529398,3
-0.09004189,-0.05985894,3
-0.350526657,-0.447751201,3
-0.291441849,-0.299669695,3
-0.377481432,-0.133050689,3
0.250278108,0.506513015,3
0.385743788,-0.135047575,3
-0.102544872,0.580844024,3
0.019638758,0.358000952,3
0.190132127,0.438201931,3
-0.466648825,-0.257611593,3
-0.057245768,-0.141226149,3
-0.295755614,0.024149433,3
0.271030876,0.205593314,3
-0.130103669,0.158129112,3
0.156630261,-0.487411562,3
-0.242856901,0.05665597,3
0.170667068,0.014089455,3
-0.399414208,0.191948242,3
-0.100209534,-0.192129821,3
-0.144539414,0.403053463,3
0.36589488,-0.234417862,3
-0.199888964,-0.557039694,3
-0.435668962,-0.133543419,3
-0.296548851,-0.364474872,3
0.025301492,-0.222519515,3
0.435708207,-0.067093595,3
0.447547945,0.235013127,3
0.025949131,0.20457432,3
-0.011360682,0.363072118,3
-0.521869991,0.062155377,3
-0.152733031,0.287962307,3
0.005446666,-0.07250911,3
-0.204547249,-0.301292781,3
-0.251372939,-0.350537791,3
0.19570036,0.210565613,3
-0.312023915,-0.148271555,3
-0.22750241,0.362820564,3
0.119936493,0.17628068,3
-0.277440077,0.065019936,3
0.366022059,0.233480852,3
0.459690565,0.040248876,3
-0.32256813,-0.073240709,3
-0.074252143,-0.345791315,3
0.485557936,-0.165581274,3
0.054055313,-0.282672108,3
-0.428827939,-0.043693326,3
0.373685665,0.118503552,3
-0.165332475,-0.380996995,3
0.073579865,-0.437174091,3
0.236426985,0.333967931,3
0.27419433,-0.03792434,3
-0.009564297,0.570258704,3
-0.251051616,-0.414082974,3
0.263651159,-0.107492002,3
-0.474139336,-0.355797029,3
-0.110013836,-0.259417753,3
-0.077435213,0.422472002,3
0.053958076,-0.418594305,3
-0.412316792,-0.100700925,3
-0.225430917,-0.380453086,3
-0.491187742,0.156494038,3
0.050029231,-0.328224237,3
0.089373812,0.171426026,3
0.059762434,0.593848143,3
-0.125902617,0.408849414,3
-0.351918002,-0.393061292,3
0.069418325,0.3279415,3
0.128542582,0.19270944,3
0.003263594,0.018035793,3
-0.500970719,-0.017663585,3
0.484753113,0.229668475,3
0.275614175,-0.443992507,3
-0.236952701,0.456737466,3
-0.474064897,0.025417133,3
0.382367964,0.253163152,3
-0.263689286,-0.029619542,3
0.197283752,0.401062319,3
0.467772245,0.170352795,3
0.275994185,-0.47188904,3
-0.448324936,0.155392738,3
0.386543378,0.250010089,3
0.438925872,0.085038104,3
-0.067503729,0.027029377,3
-0.588370354,0.077527413,3
0.307770687,0.037208149,3
-0.228935186,-0.272115637,3
-0.287019179,0.264595462,3
0.228458477,-0.034541118,3
0.197789638,0.081604067,3
-0.388758154,-0.232053321,3
0.057221392,-0.384359222,3
0.311349122,0.26888009,3
0.078177932,0.43099848,3
-0.002238147,-0.083250291,3
0.179389099,-0.499417153,3
0.42583844,0.106323548,3
-0.08830179,0.242237681,3
-0.533477716,-0.229096856,3
0.044315955,0.413718634,3
-0.446053247,0.336696347,3
-0.576628518,0.154603438,3
-0.534305328,-0.121774139,3
0.098615238,-0.568641218,3
0.006329786,0.43034745,3
0.352825533,0.161927367,3
-0.02951421,0.095198904,3
0.38871779,0.308581813,3
0.283924044,0.370563825,3
0.331693148,0.177289178,3
-0.028700738,-0.019456855,3
-0.198059937,-0.178932059,3
0.259313698,-0.35959641,3
-0.093335118,0.033544936,3
0.560903133,-0.006983588,3
-0.003688329,0.127563224,3
0.534555587,0.224296802,3
0.237084794,0.178163913,3
-0.582194775,-0.043887418,3
-0.095395019,-0.375762383,3
-0.486609111,-0.300693405,3
0.080142538,0.352518413,3
-0.389851186,0.383160731,3
0.0326353,0.33927734,3
0.506370995,-0.250860989,3
0.206183987,0.147651036,3
-0.414289479,0.366823346,3
-0.350712225,0.286062064,3
0.085329493,-0.389282757,3
-0.256681345,0.540861734,3
0.045426786,-0.554018518,3
0.529710016,-0.068213985,3
-0.457017765,0.028567462,3
-0.123316907,0.447182682,3
0.308612959,-0.484450607,3
-0.27864816,-0.179764432,3
-0.091469318,-0.538032898,3
